{
  "rng_seed": 42,
  "day_index": 1868,
  "last_daily_date": "2026-07-12",
  "spend_log_state": {
    "PPC_Brand": 7.995428194312591,
    "PPC_Generic": 7.809440531932969,
    "Display": 7.348932782409884,
    "Social": 6.997769464845557,
    "TV": 8.072571930113579,
    "OOH": 7.0057254205713395,
    "Meta": 6.456849911454954,
    "Yahoo": 5.467537959189192
  },
  "google_trend_last": 60.095533056478736,
  "adstock_state": {
    "PPC_Brand": 37941.24439237001,
    "PPC_Generic": 19712.051256896426,
    "Display": 9097.85020323055,
    "Social": 6550.826873293993,
    "TV": 90896.70961020027,
    "OOH": 24466.983378935805,
    "Meta": 3189.8702162710447,
    "Yahoo": 1236.2106038502368
  },
  "adstock_scale_max": {
    "PPC_Brand": 56568.78544669603,
    "PPC_Generic": 22758.386142083964,
    "Display": 11937.872549922544,
    "Social": 9672.375016361424,
    "TV": 153424.86086555955,
    "OOH": 51389.36310350495,
    "Meta": 12053.297652270847,
    "Yahoo": 3521.758209501798
  }
}