{
  "rng_seed": 42,
  "day_index": 1853,
  "last_daily_date": "2026-07-04",
  "spend_log_state": {
    "PPC_Brand": 7.92374907809887,
    "PPC_Generic": 7.988573669875773,
    "Display": 7.306524837180376,
    "Social": 6.817131582153757,
    "TV": 8.158541858397058,
    "OOH": 6.968711712392126,
    "Meta": 6.273653842656982,
    "Yahoo": 5.564368917947187
  },
  "google_trend_last": 57.90746668514004,
  "adstock_state": {
    "PPC_Brand": 36123.01980221314,
    "PPC_Generic": 18917.492897290595,
    "Display": 10702.471162917998,
    "Social": 7348.244135903147,
    "TV": 101883.84455950587,
    "OOH": 24678.740951216074,
    "Meta": 3719.6406987348773,
    "Yahoo": 1297.9380217111168
  },
  "adstock_scale_max": {
    "PPC_Brand": 56568.78544669603,
    "PPC_Generic": 22758.386142083964,
    "Display": 11937.872549922544,
    "Social": 9672.375016361424,
    "TV": 153424.86086555955,
    "OOH": 51389.36310350495,
    "Meta": 12053.297652270847,
    "Yahoo": 3521.758209501798
  }
}