{
  "rng_seed": 42,
  "day_index": 1835,
  "last_daily_date": "2026-06-22",
  "spend_log_state": {
    "PPC_Brand": 8.025016930203618,
    "PPC_Generic": 7.529116086932899,
    "Display": 7.421383038191535,
    "Social": 7.151132384424341,
    "TV": 8.305326996447521,
    "OOH": 7.245142856101666,
    "Meta": 6.656168530235613,
    "Yahoo": 5.55056979499001
  },
  "google_trend_last": 50.92872260808812,
  "adstock_state": {
    "PPC_Brand": 32586.983258353233,
    "PPC_Generic": 15829.524091228512,
    "Display": 9092.261356559704,
    "Social": 8111.780198215052,
    "TV": 109972.77822722225,
    "OOH": 27797.257711815124,
    "Meta": 4665.527099823419,
    "Yahoo": 1504.7329061989894
  },
  "adstock_scale_max": {
    "PPC_Brand": 56568.78544669603,
    "PPC_Generic": 22758.386142083964,
    "Display": 11937.872549922544,
    "Social": 9672.375016361424,
    "TV": 153424.86086555955,
    "OOH": 51389.36310350495,
    "Meta": 12053.297652270847,
    "Yahoo": 3521.758209501798
  }
}